year,country_origin_id,country_destination_id,hs92_product_id,import_val,import_val_pct
2017,CIV,ALL,7108,1901,5.7e-7%
2017,DZA,ALL,7108,33481585.37,0.010%
2017,EGY,ALL,7108,175356195.05,0.053%
2017,GHA,ALL,7108,9328,0.0000028%
2017,MAR,ALL,7108,11112178,0.0034%
2017,MDG,ALL,7108,1939,5.9e-7%
2017,MUS,ALL,7108,38330160.31,0.012%
2017,NGA,ALL,7108,256088.48,0.000077%
2017,SDN,ALL,7108,895560,0.00027%
2017,SEN,ALL,7108,1180940.28,0.00036%
2017,SLE,ALL,7108,6184316,0.0019%
2017,SYC,ALL,7108,165452,0.000050%
2017,TUN,ALL,7108,21975132.04,0.0066%
2017,UGA,ALL,7108,52622,0.000016%
2017,ZAF,ALL,7108,2790163880.09,0.84%
2017,ZMB,ALL,7108,15682,0.0000047%
2017,AFG,ALL,7108,1079298,0.00033%
2017,ARE,ALL,7108,17217191462,5.2%
2017,ARM,ALL,7108,61195409.16,0.018%
2017,AZE,ALL,7108,14240050,0.0043%
2017,BGD,ALL,7108,86938635,0.026%
2017,BHR,ALL,7108,246535,0.000074%
2017,BRN,ALL,7108,7184384,0.0022%
2017,BTN,ALL,7108,313288,0.000095%
2017,CHN,ALL,7108,40262940776.33,12%
2017,CYP,ALL,7108,6532632.59,0.0020%
2017,GEO,ALL,7108,23623.8,0.0000071%
2017,HKG,ALL,7108,34950963882.53,11%
2017,IDN,ALL,7108,789096291.37,0.24%
2017,IND,ALL,7108,38962922976.08,12%
2017,IRN,ALL,7108,114905617,0.035%
2017,IRQ,ALL,7108,621577976,0.19%
2017,ISR,ALL,7108,11140758.25,0.0034%
2017,JOR,ALL,7108,439652113.36,0.13%
2017,JPN,ALL,7108,171440238.83,0.052%
2017,KAZ,ALL,7108,26296853.37,0.0079%
2017,KGZ,ALL,7108,258000.23,0.000078%
2017,KHM,ALL,7108,2111053169,0.64%
2017,KOR,ALL,7108,2162529316.18,0.65%
2017,KWT,ALL,7108,422136015.05,0.13%
2017,LAO,ALL,7108,398294,0.00012%
2017,LBN,ALL,7108,668671700.69,0.20%
2017,LKA,ALL,7108,936901617.85,0.28%
2017,MAC,ALL,7108,1478575,0.00045%
2017,MNG,ALL,7108,9020,0.0000027%
2017,MYS,ALL,7108,3241836964.88,0.98%
2017,NPL,ALL,7108,246381762,0.074%
2017,OMN,ALL,7108,768212711.6,0.23%
2017,PAK,ALL,7108,29723666.58,0.0090%
2017,PHL,ALL,7108,128796965.56,0.039%
2017,QAT,ALL,7108,134894661,0.041%
2017,SAU,ALL,7108,90675442,0.027%
2017,SGP,ALL,7108,12128446325.81,3.7%
2017,THA,ALL,7108,10649712731,3.2%
2017,TKM,ALL,7108,1991,6.0e-7%
2017,TUR,ALL,7108,17101255691.44,5.2%
2017,UZB,ALL,7108,21270,0.0000064%
2017,VNM,ALL,7108,104572063,0.032%
2017,XXB,ALL,7108,1432281984,0.43%
2017,YEM,ALL,7108,1620766,0.00049%
2017,AND,ALL,7108,19228448,0.0058%
2017,AUT,ALL,7108,1602844345.79,0.48%
2017,BGR,ALL,7108,12673666.15,0.0038%
2017,BLR,ALL,7108,184206,0.000056%
2017,BLX,ALL,7108,1161841329.6,0.35%
2017,CHE,ALL,7108,70887298510.8,21%
2017,CZE,ALL,7108,242547751.01,0.073%
2017,DEU,ALL,7108,5219626277.24,1.6%
2017,DNK,ALL,7108,27873115.41,0.0084%
2017,ESP,ALL,7108,258701030.42,0.078%
2017,EST,ALL,7108,67683327.85,0.020%
2017,FIN,ALL,7108,35749193.96,0.011%
2017,FRA,ALL,7108,1400715983.69,0.42%
2017,GBR,ALL,7108,34258819566.27,10%
2017,GIB,ALL,7108,8291,0.0000025%
2017,GRC,ALL,7108,10150275.78,0.0031%
2017,HRV,ALL,7108,5799600.92,0.0018%
2017,HUN,ALL,7108,27765843.65,0.0084%
2017,IRL,ALL,7108,48987483.92,0.015%
2017,ISL,ALL,7108,359609.07,0.00011%
2017,ITA,ALL,7108,3636293567.51,1.1%
2017,LTU,ALL,7108,20120234.94,0.0061%
2017,LVA,ALL,7108,13628506.05,0.0041%
2017,MDA,ALL,7108,101893.7,0.000031%
2017,MLT,ALL,7108,8145685,0.0025%
2017,NLD,ALL,7108,1173844604.89,0.35%
2017,NOR,ALL,7108,7390973.13,0.0022%
2017,POL,ALL,7108,216671440.99,0.065%
2017,PRT,ALL,7108,53786027.44,0.016%
2017,ROU,ALL,7108,28700280,0.0087%
2017,RUS,ALL,7108,4257555.58,0.0013%
2017,SRB,ALL,7108,346384.72,0.00010%
2017,SVK,ALL,7108,74341826.21,0.022%
2017,SVN,ALL,7108,50302610,0.015%
2017,SWE,ALL,7108,63094545.73,0.019%
2017,UKR,ALL,7108,16362115.29,0.0049%
2017,ABW,ALL,7108,6509439.82,0.0020%
2017,BHS,ALL,7108,35529116,0.011%
2017,BMU,ALL,7108,1151485.89,0.00035%
2017,BRB,ALL,7108,2632.93,8.0e-7%
2017,CAN,ALL,7108,5453648106.67,1.6%
2017,CRI,ALL,7108,13406331,0.0041%
2017,CUW,ALL,7108,821735,0.00025%
2017,CYM,ALL,7108,10530287,0.0032%
2017,DOM,ALL,7108,38559814.1,0.012%
2017,GTM,ALL,7108,1574889,0.00048%
2017,HND,ALL,7108,6415,0.0000019%
2017,MAF,ALL,7108,17335,0.0000052%
2017,MEX,ALL,7108,112428883.04,0.034%
2017,NIC,ALL,7108,408572,0.00012%
2017,PAN,ALL,7108,8376407,0.0025%
2017,TTO,ALL,7108,286749,0.000087%
2017,USA,ALL,7108,11082965569.97,3.3%
2017,VGB,ALL,7108,2215277,0.00067%
2017,ASM,ALL,7108,2215855,0.00067%
2017,AUS,ALL,7108,4272761103.3,1.3%
2017,FJI,ALL,7108,3428.17,0.0000010%
2017,NCL,ALL,7108,58555,0.000018%
2017,NZL,ALL,7108,34145115.64,0.010%
2017,PLW,ALL,7108,1348,4.1e-7%
2017,PYF,ALL,7108,263967,0.000080%
2017,VUT,ALL,7108,17265,0.0000052%
2017,ARG,ALL,7108,983548,0.00030%
2017,BOL,ALL,7108,35557880.15,0.011%
2017,BRA,ALL,7108,3663607.75,0.0011%
2017,CHL,ALL,7108,90373.66,0.000027%
2017,COL,ALL,7108,12386,0.0000037%
2017,ECU,ALL,7108,51532,0.000016%
2017,PER,ALL,7108,597488,0.00018%
2017,SUR,ALL,7108,386639,0.00012%
2017,URY,ALL,7108,2576045,0.00078%



2016,AGO,ALL,7108,50709,0.000015%
2016,BEN,ALL,7108,10733,0.0000031%
2016,BFA,ALL,7108,17806,0.0000051%
2016,CIV,ALL,7108,44189889,0.013%
2016,DJI,ALL,7108,250951,0.000073%
2016,DZA,ALL,7108,313472.05,0.000091%
2016,EGY,ALL,7108,63000454.36,0.018%
2016,ETH,ALL,7108,6345169,0.0018%
2016,GHA,ALL,7108,5404952,0.0016%
2016,KEN,ALL,7108,37240630,0.011%
2016,MAR,ALL,7108,9992313.03,0.0029%
2016,MDG,ALL,7108,348782,0.00010%
2016,MLI,ALL,7108,4984,0.0000014%
2016,MOZ,ALL,7108,225555,0.000065%
2016,MRT,ALL,7108,3473,0.0000010%
2016,MUS,ALL,7108,30648871.97,0.0089%
2016,NGA,ALL,7108,895633.14,0.00026%
2016,SDN,ALL,7108,780122,0.00023%
2016,SEN,ALL,7108,1774249.62,0.00051%
2016,SOM,ALL,7108,730758,0.00021%
2016,SYC,ALL,7108,40038.38,0.000012%
2016,TUN,ALL,7108,14867955.42,0.0043%
2016,TZA,ALL,7108,3102444,0.00090%
2016,UGA,ALL,7108,305146,0.000088%
2016,ZAF,ALL,7108,4264360263.85,1.2%
2016,ZMB,ALL,7108,5303028,0.0015%
2016,ZWE,ALL,7108,1032863,0.00030%
2016,AFG,ALL,7108,68656294,0.020%
2016,ARE,ALL,7108,27421646756.25,7.9%
2016,ARM,ALL,7108,21753258.89,0.0063%
2016,AZE,ALL,7108,21851465,0.0063%
2016,BGD,ALL,7108,306639881,0.089%
2016,BHR,ALL,7108,214047241.7,0.062%
2016,BRN,ALL,7108,318914,0.000092%
2016,BTN,ALL,7108,789687,0.00023%
2016,CHN,ALL,7108,51233656519,15%
2016,CYP,ALL,7108,12554245.93,0.0036%
2016,GEO,ALL,7108,1313814,0.00038%
2016,HKG,ALL,7108,29887618548.69,8.6%
2016,IDN,ALL,7108,805926854.74,0.23%
2016,IND,ALL,7108,22926787654.95,6.6%
2016,IRN,ALL,7108,1351085177,0.39%
2016,IRQ,ALL,7108,189519556,0.055%
2016,ISR,ALL,7108,5635996.54,0.0016%
2016,JOR,ALL,7108,405213150.69,0.12%
2016,JPN,ALL,7108,332043955.66,0.096%
2016,KAZ,ALL,7108,10923531.59,0.0032%
2016,KGZ,ALL,7108,168663,0.000049%
2016,KHM,ALL,7108,584533832.37,0.17%
2016,KOR,ALL,7108,1149770120.47,0.33%
2016,KWT,ALL,7108,328431773.24,0.095%
2016,LAO,ALL,7108,137617471.7,0.040%
2016,LBN,ALL,7108,1052108405.72,0.30%
2016,LKA,ALL,7108,367730347.48,0.11%
2016,MAC,ALL,7108,9338139.92,0.0027%
2016,MDV,ALL,7108,8000,0.0000023%
2016,MMR,ALL,7108,11609555,0.0034%
2016,MNG,ALL,7108,10859.03,0.0000031%
2016,MYS,ALL,7108,2308008720.83,0.67%
2016,NPL,ALL,7108,188449899,0.054%
2016,OMN,ALL,7108,600176286.71,0.17%
2016,PAK,ALL,7108,26153031.37,0.0076%
2016,PHL,ALL,7108,149350813.45,0.043%
2016,PSE,ALL,7108,25173,0.0000073%
2016,QAT,ALL,7108,183333055.52,0.053%
2016,SAU,ALL,7108,2177055873.06,0.63%
2016,SGP,ALL,7108,5083227432.72,1.5%
2016,SYR,ALL,7108,20392399,0.0059%
2016,THA,ALL,7108,5111919425.58,1.5%
2016,TJK,ALL,7108,2019655,0.00058%
2016,TUR,ALL,7108,6482499831.02,1.9%
2016,UZB,ALL,7108,4690,0.0000014%
2016,VNM,ALL,7108,98797175,0.029%
2016,XXB,ALL,7108,1455060134.7,0.42%
2016,YEM,ALL,7108,3956485,0.0011%
2016,ALB,ALL,7108,8912763,0.0026%
2016,AND,ALL,7108,18047560,0.0052%
2016,AUT,ALL,7108,1642099874.13,0.47%
2016,BGR,ALL,7108,32045710.56,0.0093%
2016,BIH,ALL,7108,23254.28,0.0000067%
2016,BLR,ALL,7108,4128932,0.0012%
2016,BLX,ALL,7108,1168588759.92,0.34%
2016,CHE,ALL,7108,87157652122.77,25%
2016,CZE,ALL,7108,187404437.83,0.054%
2016,DEU,ALL,7108,4596486866.98,1.3%
2016,DNK,ALL,7108,28341613.27,0.0082%
2016,ESP,ALL,7108,266357520.36,0.077%
2016,EST,ALL,7108,70810376.86,0.020%
2016,FIN,ALL,7108,34835571.66,0.010%
2016,FRA,ALL,7108,1404702468.72,0.41%
2016,GBR,ALL,7108,50042834637.71,14%
2016,GRC,ALL,7108,8874549.21,0.0026%
2016,HRV,ALL,7108,9461408.48,0.0027%
2016,HUN,ALL,7108,28564726.55,0.0083%
2016,IRL,ALL,7108,34144208.45,0.0099%
2016,ISL,ALL,7108,245423.57,0.000071%
2016,ITA,ALL,7108,3785470161.66,1.1%
2016,LTU,ALL,7108,57562325.33,0.017%
2016,LVA,ALL,7108,26518819.46,0.0077%
2016,MDA,ALL,7108,14208,0.0000041%
2016,MLT,ALL,7108,13524157.18,0.0039%
2016,MNE,ALL,7108,12445.25,0.0000036%
2016,NLD,ALL,7108,1194473839.71,0.35%
2016,NOR,ALL,7108,5327375.56,0.0015%
2016,POL,ALL,7108,110338739.87,0.032%
2016,PRT,ALL,7108,60375563.15,0.017%
2016,ROU,ALL,7108,33805689,0.0098%
2016,RUS,ALL,7108,37660666.93,0.011%
2016,SRB,ALL,7108,654849.5,0.00019%
2016,SVK,ALL,7108,83772715.21,0.024%
2016,SVN,ALL,7108,37445083.34,0.011%
2016,SWE,ALL,7108,71765619.23,0.021%
2016,UKR,ALL,7108,9221616,0.0027%
2016,ABW,ALL,7108,173540.08,0.000050%
2016,ATG,ALL,7108,3225,9.3e-7%
2016,BHS,ALL,7108,309938,0.000090%
2016,BLZ,ALL,7108,12367,0.0000036%
2016,BMU,ALL,7108,629586.36,0.00018%
2016,BRB,ALL,7108,3969,0.0000011%
2016,CAN,ALL,7108,5838209206.13,1.7%
2016,CRI,ALL,7108,3079056.97,0.00089%
2016,CUW,ALL,7108,10773,0.0000031%
2016,CYM,ALL,7108,74580081,0.022%
2016,DOM,ALL,7108,40037277.24,0.012%
2016,GRD,ALL,7108,2456,7.1e-7%
2016,GRL,ALL,7108,1085.95,3.1e-7%
2016,GTM,ALL,7108,1690783.77,0.00049%
2016,HND,ALL,7108,31065.32,0.0000090%
2016,KNA,ALL,7108,8834,0.0000026%
2016,LCA,ALL,7108,8086,0.0000023%
2016,MAF,ALL,7108,401373,0.00012%
2016,MEX,ALL,7108,155719232.06,0.045%
2016,NIC,ALL,7108,58877,0.000017%
2016,PAN,ALL,7108,13854838.34,0.0040%
2016,TTO,ALL,7108,5528977,0.0016%
2016,USA,ALL,7108,15614749920.37,4.5%
2016,VGB,ALL,7108,2708883,0.00078%
2016,AUS,ALL,7108,4539540289.98,1.3%
2016,COK,ALL,7108,22556,0.0000065%
2016,FJI,ALL,7108,5355,0.0000015%
2016,FSM,ALL,7108,2550,7.4e-7%
2016,GUM,ALL,7108,91381,0.000026%
2016,NCL,ALL,7108,50479,0.000015%
2016,NZL,ALL,7108,58751311.86,0.017%
2016,PNG,ALL,7108,11441,0.0000033%
2016,PYF,ALL,7108,191078,0.000055%
2016,VUT,ALL,7108,30729,0.0000089%
2016,WSM,ALL,7108,4254,0.0000012%
2016,ARG,ALL,7108,25287,0.0000073%
2016,BOL,ALL,7108,38840865.43,0.011%
2016,BRA,ALL,7108,6069475.52,0.0018%
2016,CHL,ALL,7108,672160.71,0.00019%
2016,COL,ALL,7108,1177248.06,0.00034%
2016,ECU,ALL,7108,7512,0.0000022%
2016,GUY,ALL,7108,2809,8.1e-7%
2016,PER,ALL,7108,916534.74,0.00026%
2016,SUR,ALL,7108,615152.95,0.00018%
2016,URY,ALL,7108,1668,4.8e-7%


2015,BEN,ALL,7108,88010,0.000029%
2015,CAF,ALL,7108,2880441,0.00094%
2015,CIV,ALL,7108,63975,0.000021%
2015,EGY,ALL,7108,181414562.74,0.059%
2015,ETH,ALL,7108,160556,0.000052%
2015,GHA,ALL,7108,303653785,0.099%
2015,LBY,ALL,7108,788034,0.00026%
2015,MAR,ALL,7108,11031623.49,0.0036%
2015,MDG,ALL,7108,5650,0.0000018%
2015,MLI,ALL,7108,7564,0.0000025%
2015,MUS,ALL,7108,21302025.69,0.0069%
2015,NGA,ALL,7108,36714,0.000012%
2015,SDN,ALL,7108,5992,0.0000019%
2015,SEN,ALL,7108,850883.41,0.00028%
2015,SYC,ALL,7108,49755.47,0.000016%
2015,TCD,ALL,7108,138483,0.000045%
2015,TUN,ALL,7108,13074983.79,0.0042%
2015,TZA,ALL,7108,2052,6.7e-7%
2015,UGA,ALL,7108,1009606,0.00033%
2015,ZAF,ALL,7108,1904633262.08,0.62%
2015,ZMB,ALL,7108,12465,0.0000041%
2015,ZWE,ALL,7108,57829,0.000019%
2015,ARE,ALL,7108,12791915962,4.2%
2015,ARM,ALL,7108,23705330.24,0.0077%
2015,AZE,ALL,7108,1954255.48,0.00064%
2015,BGD,ALL,7108,529808,0.00017%
2015,BHR,ALL,7108,312167681,0.10%
2015,BRN,ALL,7108,145757841.48,0.047%
2015,CHN,ALL,7108,65842360054,21%
2015,CYP,ALL,7108,8430659.83,0.0027%
2015,GEO,ALL,7108,36100.96,0.000012%
2015,HKG,ALL,7108,39134540905.6,13%
2015,IDN,ALL,7108,507207808,0.16%
2015,IND,ALL,7108,35381784655.3,11%
2015,IRN,ALL,7108,511890371,0.17%
2015,IRQ,ALL,7108,38599566,0.013%
2015,ISR,ALL,7108,5173832.66,0.0017%
2015,JOR,ALL,7108,798140779.19,0.26%
2015,JPN,ALL,7108,441334275.95,0.14%
2015,KAZ,ALL,7108,102178,0.000033%
2015,KGZ,ALL,7108,17373333.33,0.0056%
2015,KHM,ALL,7108,949232314.82,0.31%
2015,KOR,ALL,7108,1373189329.84,0.45%
2015,KWT,ALL,7108,656632801.41,0.21%
2015,LAO,ALL,7108,162600708,0.053%
2015,LBN,ALL,7108,206353256,0.067%
2015,LKA,ALL,7108,41046281.95,0.013%
2015,MAC,ALL,7108,23585032,0.0077%
2015,MDV,ALL,7108,7109,0.0000023%
2015,MMR,ALL,7108,23690938,0.0077%
2015,MNG,ALL,7108,16590,0.0000054%
2015,MYS,ALL,7108,2776643834.53,0.90%
2015,NPL,ALL,7108,169969947,0.055%
2015,OMN,ALL,7108,428547411.31,0.14%
2015,PAK,ALL,7108,25875882.65,0.0084%
2015,PHL,ALL,7108,199044694.56,0.065%
2015,QAT,ALL,7108,255683624.8,0.083%
2015,SAU,ALL,7108,5283131032.17,1.7%
2015,SGP,ALL,7108,5288524460.78,1.7%
2015,THA,ALL,7108,6339065489.67,2.1%
2015,TJK,ALL,7108,37690924,0.012%
2015,TKM,ALL,7108,13101,0.0000043%
2015,TUR,ALL,7108,3565464774.11,1.2%
2015,VNM,ALL,7108,140936264.87,0.046%
2015,XXB,ALL,7108,1629321952.83,0.53%
2015,YEM,ALL,7108,143642632,0.047%
2015,ALB,ALL,7108,6866596,0.0022%
2015,AND,ALL,7108,3773288,0.0012%
2015,AUT,ALL,7108,2143843781.25,0.70%
2015,BGR,ALL,7108,32744593.76,0.011%
2015,BIH,ALL,7108,88636,0.000029%
2015,BLR,ALL,7108,2891683,0.00094%
2015,BLX,ALL,7108,974196979.24,0.32%
2015,CHE,ALL,7108,72684538217.5,24%
2015,CZE,ALL,7108,218628301.12,0.071%
2015,DEU,ALL,7108,4151752084.18,1.3%
2015,DNK,ALL,7108,17863021.36,0.0058%
2015,ESP,ALL,7108,217194644.54,0.071%
2015,EST,ALL,7108,57113924.38,0.019%
2015,FIN,ALL,7108,27562767.9,0.0090%
2015,FRA,ALL,7108,1233335309.72,0.40%
2015,GBR,ALL,7108,11763390245.7,3.8%
2015,GIB,ALL,7108,12841,0.0000042%
2015,GRC,ALL,7108,11716199.22,0.0038%
2015,HRV,ALL,7108,8754229.27,0.0028%
2015,HUN,ALL,7108,34754778.02,0.011%
2015,IRL,ALL,7108,24957774.9,0.0081%
2015,ISL,ALL,7108,187125.6,0.000061%
2015,ITA,ALL,7108,4009049217.13,1.3%
2015,LTU,ALL,7108,63060158.84,0.020%
2015,LVA,ALL,7108,29402959.77,0.0096%
2015,MDA,ALL,7108,44887,0.000015%
2015,MKD,ALL,7108,90304.5,0.000029%
2015,MLT,ALL,7108,22831945.66,0.0074%
2015,MNE,ALL,7108,7301.96,0.0000024%
2015,NLD,ALL,7108,868855754.62,0.28%
2015,NOR,ALL,7108,7353898.58,0.0024%
2015,POL,ALL,7108,75969158.35,0.025%
2015,PRT,ALL,7108,40297016.01,0.013%
2015,ROU,ALL,7108,27152792,0.0088%
2015,RUS,ALL,7108,259826487.01,0.084%
2015,SMR,ALL,7108,3947,0.0000013%
2015,SRB,ALL,7108,409395.41,0.00013%
2015,SVK,ALL,7108,50490783.23,0.016%
2015,SVN,ALL,7108,35002164.22,0.011%
2015,SWE,ALL,7108,53720819.48,0.017%
2015,UKR,ALL,7108,22924832.29,0.0074%
2015,ABW,ALL,7108,26229,0.0000085%
2015,BHS,ALL,7108,583410.51,0.00019%
2015,BLZ,ALL,7108,18384,0.0000060%
2015,BMU,ALL,7108,54388.4,0.000018%
2015,BRB,ALL,7108,15000,0.0000049%
2015,CAN,ALL,7108,6616950524.02,2.2%
2015,CRI,ALL,7108,15549634.38,0.0051%
2015,CUW,ALL,7108,5579,0.0000018%
2015,CYM,ALL,7108,87279066,0.028%
2015,DOM,ALL,7108,45085063.18,0.015%
2015,GRL,ALL,7108,2504,8.1e-7%
2015,GTM,ALL,7108,719418.14,0.00023%
2015,HND,ALL,7108,2728,8.9e-7%
2015,LCA,ALL,7108,2670,8.7e-7%
2015,MAF,ALL,7108,1958584,0.00064%
2015,MEX,ALL,7108,194014163.59,0.063%
2015,NIC,ALL,7108,331405,0.00011%
2015,PAN,ALL,7108,90818916.11,0.030%
2015,TTO,ALL,7108,498665,0.00016%
2015,USA,ALL,7108,10365043635.5,3.4%
2015,VGB,ALL,7108,22421224,0.0073%
2015,AUS,ALL,7108,2941664851.43,0.96%
2015,COK,ALL,7108,1701,5.5e-7%
2015,FJI,ALL,7108,2182.12,7.1e-7%
2015,GUM,ALL,7108,4430,0.0000014%
2015,NCL,ALL,7108,284832.85,0.000093%
2015,NZL,ALL,7108,18061940.67,0.0059%
2015,PYF,ALL,7108,188897.15,0.000061%
2015,VUT,ALL,7108,22170,0.0000072%
2015,WSM,ALL,7108,5139,0.0000017%
2015,ARG,ALL,7108,145351,0.000047%
2015,BOL,ALL,7108,39894546.1,0.013%
2015,BRA,ALL,7108,3680295.68,0.0012%
2015,CHL,ALL,7108,1750313.34,0.00057%
2015,COL,ALL,7108,13303.28,0.0000043%
2015,ECU,ALL,7108,16495,0.0000054%
2015,GUY,ALL,7108,1228,4.0e-7%
2015,PER,ALL,7108,45593.98,0.000015%
2015,SUR,ALL,7108,290625,0.000094%
2015,URY,ALL,7108,5464,0.0000018%



2014,BFA,ALL,7108,10630.84,0.0000033%
2014,CIV,ALL,7108,174385,0.000054%
2014,COD,ALL,7108,14340,0.0000045%
2014,DZA,ALL,7108,14294704.44,0.0044%
2014,EGY,ALL,7108,858780181.92,0.27%
2014,GHA,ALL,7108,428826172,0.13%
2014,GMB,ALL,7108,1190922,0.00037%
2014,GNQ,ALL,7108,3759,0.0000012%
2014,LBY,ALL,7108,12520730,0.0039%
2014,MAR,ALL,7108,34104108.51,0.011%
2014,MDG,ALL,7108,1266,3.9e-7%
2014,MRT,ALL,7108,6555,0.0000020%
2014,MUS,ALL,7108,23567999.17,0.0073%
2014,NGA,ALL,7108,49659,0.000015%
2014,SDN,ALL,7108,3441,0.0000011%
2014,SEN,ALL,7108,903077.98,0.00028%
2014,SYC,ALL,7108,167297,0.000052%
2014,TUN,ALL,7108,8867758,0.0028%
2014,TZA,ALL,7108,1400,4.4e-7%
2014,ZAF,ALL,7108,2166378000.48,0.67%
2014,ZMB,ALL,7108,34769,0.000011%
2014,AFG,ALL,7108,100000,0.000031%
2014,ARE,ALL,7108,9860129432,3.1%
2014,ARM,ALL,7108,143724195.32,0.045%
2014,AZE,ALL,7108,459178108.15,0.14%
2014,BGD,ALL,7108,52517860,0.016%
2014,BHR,ALL,7108,275490906,0.086%
2014,BRN,ALL,7108,198462197,0.062%
2014,CHN,ALL,7108,63895327374.1,20%
2014,CYP,ALL,7108,2071819.52,0.00064%
2014,GEO,ALL,7108,44328,0.000014%
2014,HKG,ALL,7108,53455083171.2,17%
2014,IDN,ALL,7108,33735165.55,0.010%
2014,IND,ALL,7108,31112064314,9.7%
2014,IRN,ALL,7108,266131429,0.083%
2014,IRQ,ALL,7108,3258269,0.0010%
2014,ISR,ALL,7108,6193073.49,0.0019%
2014,JOR,ALL,7108,540002873.93,0.17%
2014,JPN,ALL,7108,732751720.53,0.23%
2014,KAZ,ALL,7108,388836.9,0.00012%
2014,KGZ,ALL,7108,25123803,0.0078%
2014,KHM,ALL,7108,470659135,0.15%
2014,KOR,ALL,7108,1472290688.25,0.46%
2014,KWT,ALL,7108,739596219.6,0.23%
2014,LAO,ALL,7108,70909326,0.022%
2014,LBN,ALL,7108,658691396.73,0.20%
2014,LKA,ALL,7108,11707919.83,0.0036%
2014,MAC,ALL,7108,19691702.69,0.0061%
2014,MMR,ALL,7108,29540,0.0000092%
2014,MYS,ALL,7108,3171384146.76,0.99%
2014,NPL,ALL,7108,248863981,0.077%
2014,OMN,ALL,7108,218616694.41,0.068%
2014,PAK,ALL,7108,28461998.87,0.0089%
2014,PHL,ALL,7108,282025094.59,0.088%
2014,QAT,ALL,7108,267550538.65,0.083%
2014,SAU,ALL,7108,2716499104,0.85%
2014,SGP,ALL,7108,4769614310.24,1.5%
2014,THA,ALL,7108,6068685971.42,1.9%
2014,TJK,ALL,7108,112517453,0.035%
2014,TKM,ALL,7108,27011,0.0000084%
2014,TUR,ALL,7108,7511169397.84,2.3%
2014,VNM,ALL,7108,136636132.92,0.043%
2014,XXB,ALL,7108,1587790284,0.49%
2014,YEM,ALL,7108,197687679,0.062%
2014,ALB,ALL,7108,4492361,0.0014%
2014,AND,ALL,7108,23737577.83,0.0074%
2014,AUT,ALL,7108,1852255809.49,0.58%
2014,BGR,ALL,7108,32823152.52,0.010%
2014,BIH,ALL,7108,75427.14,0.000023%
2014,BLR,ALL,7108,8284315,0.0026%
2014,BLX,ALL,7108,924511872.18,0.29%
2014,CHE,ALL,7108,73080646529.9,23%
2014,CZE,ALL,7108,287656786.74,0.090%
2014,DEU,ALL,7108,4868455938.27,1.5%
2014,DNK,ALL,7108,17672466.42,0.0055%
2014,ESP,ALL,7108,297045667.16,0.092%
2014,EST,ALL,7108,81856878.46,0.025%
2014,FIN,ALL,7108,32705639.42,0.010%
2014,FRA,ALL,7108,1181639801.2,0.37%
2014,GBR,ALL,7108,11922899614.5,3.7%
2014,GIB,ALL,7108,89560,0.000028%
2014,GRC,ALL,7108,7247444.17,0.0023%
2014,HRV,ALL,7108,31292702.5,0.0097%
2014,HUN,ALL,7108,30370952.88,0.0095%
2014,IRL,ALL,7108,8276144.42,0.0026%
2014,ISL,ALL,7108,310446.34,0.000097%
2014,ITA,ALL,7108,4792789244.57,1.5%
2014,LTU,ALL,7108,8592318.71,0.0027%
2014,LVA,ALL,7108,30591902.38,0.0095%
2014,MDA,ALL,7108,30882.17,0.0000096%
2014,MKD,ALL,7108,4594,0.0000014%
2014,MLT,ALL,7108,16096761.8,0.0050%
2014,NLD,ALL,7108,798544166.8,0.25%
2014,NOR,ALL,7108,13444531.91,0.0042%
2014,POL,ALL,7108,96215655.52,0.030%
2014,PRT,ALL,7108,58614730.82,0.018%
2014,ROU,ALL,7108,23794306,0.0074%
2014,RUS,ALL,7108,260791380.52,0.081%
2014,SMR,ALL,7108,12802,0.0000040%
2014,SRB,ALL,7108,195879.84,0.000061%
2014,SVK,ALL,7108,76916845.44,0.024%
2014,SVN,ALL,7108,25639620.76,0.0080%
2014,SWE,ALL,7108,49855930.42,0.016%
2014,UKR,ALL,7108,230776578.79,0.072%
2014,ABW,ALL,7108,62822.77,0.000020%
2014,ATG,ALL,7108,4213,0.0000013%
2014,BHS,ALL,7108,150416.42,0.000047%
2014,BMU,ALL,7108,71782.82,0.000022%
2014,BRB,ALL,7108,2811.11,8.7e-7%
2014,CAN,ALL,7108,7973344840.95,2.5%
2014,CRI,ALL,7108,9648935,0.0030%
2014,CUB,ALL,7108,301404,0.000094%
2014,CUW,ALL,7108,506128,0.00016%
2014,CYM,ALL,7108,5691457,0.0018%
2014,DOM,ALL,7108,41768585.09,0.013%
2014,GRL,ALL,7108,4792,0.0000015%
2014,GTM,ALL,7108,847414.11,0.00026%
2014,HND,ALL,7108,78305.66,0.000024%
2014,LCA,ALL,7108,4184,0.0000013%
2014,MAF,ALL,7108,1124713,0.00035%
2014,MEX,ALL,7108,100436378.34,0.031%
2014,NIC,ALL,7108,2526,7.9e-7%
2014,PAN,ALL,7108,13373734.31,0.0042%
2014,SLV,ALL,7108,242884,0.000076%
2014,TTO,ALL,7108,3602031,0.0011%
2014,USA,ALL,7108,13091666560.3,4.1%
2014,VGB,ALL,7108,44593,0.000014%
2014,AUS,ALL,7108,3506203725.17,1.1%
2014,FJI,ALL,7108,6012,0.0000019%
2014,NCL,ALL,7108,207734.82,0.000065%
2014,NZL,ALL,7108,32340718.42,0.010%
2014,PNG,ALL,7108,7749,0.0000024%
2014,PYF,ALL,7108,375587.83,0.00012%
2014,ARG,ALL,7108,322598.25,0.00010%
2014,BOL,ALL,7108,35958982.99,0.011%
2014,BRA,ALL,7108,4150820.78,0.0013%
2014,CHL,ALL,7108,800638.23,0.00025%
2014,COL,ALL,7108,10567.97,0.0000033%
2014,ECU,ALL,7108,19028,0.0000059%
2014,PER,ALL,7108,223871.61,0.000070%
2014,PRY,ALL,7108,641349,0.00020%
2014,SUR,ALL,7108,481227.77,0.00015%
2014,URY,ALL,7108,3084340,0.00096%
2014,VEN,ALL,7108,136200,0.000042%



2013,BEN,ALL,7108,3714,9.4e-7%
2013,BFA,ALL,7108,6953.29,0.0000018%
2013,CAF,ALL,7108,121791,0.000031%
2013,CIV,ALL,7108,42182290,0.011%
2013,DZA,ALL,7108,3508165.42,0.00089%
2013,EGY,ALL,7108,1042385725.58,0.26%
2013,ETH,ALL,7108,72802,0.000018%
2013,GHA,ALL,7108,13820108,0.0035%
2013,LBY,ALL,7108,4174577,0.0011%
2013,MAR,ALL,7108,5607357.42,0.0014%
2013,MDG,ALL,7108,1156,2.9e-7%
2013,MRT,ALL,7108,1589,4.0e-7%
2013,MUS,ALL,7108,21856186.73,0.0055%
2013,SDN,ALL,7108,2532,6.4e-7%
2013,SEN,ALL,7108,1727599,0.00044%
2013,SYC,ALL,7108,135520,0.000034%
2013,TUN,ALL,7108,7915532.35,0.0020%
2013,ZAF,ALL,7108,5691487612.36,1.4%
2013,ARE,ALL,7108,15704068908,4.0%
2013,ARM,ALL,7108,174262194.99,0.044%
2013,AZE,ALL,7108,930104243.49,0.24%
2013,BGD,ALL,7108,1945783,0.00049%
2013,BHR,ALL,7108,26752,0.0000068%
2013,BRN,ALL,7108,1377465469.59,0.35%
2013,CHN,ALL,7108,78133950590,20%
2013,CYP,ALL,7108,33703773.3,0.0085%
2013,GEO,ALL,7108,5023,0.0000013%
2013,HKG,ALL,7108,96497809288.2,24%
2013,IDN,ALL,7108,221816724.91,0.056%
2013,IND,ALL,7108,36199051617.3,9.2%
2013,IRN,ALL,7108,1661204258,0.42%
2013,IRQ,ALL,7108,3268630,0.00083%
2013,ISR,ALL,7108,10746432.83,0.0027%
2013,JOR,ALL,7108,545492098.12,0.14%
2013,JPN,ALL,7108,1231959162.48,0.31%
2013,KAZ,ALL,7108,191370.89,0.000048%
2013,KGZ,ALL,7108,19180243.14,0.0049%
2013,KHM,ALL,7108,264520225.88,0.067%
2013,KOR,ALL,7108,1369946419.66,0.35%
2013,KWT,ALL,7108,795089746.91,0.20%
2013,LAO,ALL,7108,25460145,0.0064%
2013,LBN,ALL,7108,876862875.31,0.22%
2013,LKA,ALL,7108,199357069.48,0.050%
2013,MAC,ALL,7108,2061185,0.00052%
2013,MYS,ALL,7108,3518885603.08,0.89%
2013,NPL,ALL,7108,275886177,0.070%
2013,OMN,ALL,7108,290843051.5,0.074%
2013,PAK,ALL,7108,395385690.76,0.10%
2013,PHL,ALL,7108,216003225.07,0.055%
2013,PRK,ALL,7108,491378,0.00012%
2013,QAT,ALL,7108,272015313.5,0.069%
2013,SAU,ALL,7108,4465586321.21,1.1%
2013,SGP,ALL,7108,2655150541.09,0.67%
2013,THA,ALL,7108,14972399227.5,3.8%
2013,TKM,ALL,7108,74325629,0.019%
2013,TUR,ALL,7108,15974875174.2,4.0%
2013,VNM,ALL,7108,184639438.34,0.047%
2013,XXB,ALL,7108,1591985057,0.40%
2013,YEM,ALL,7108,43831032,0.011%
2013,ALB,ALL,7108,1312736.55,0.00033%
2013,AND,ALL,7108,120470,0.000030%
2013,AUT,ALL,7108,2461788736.28,0.62%
2013,BGR,ALL,7108,17487764.33,0.0044%
2013,BIH,ALL,7108,62298,0.000016%
2013,BLR,ALL,7108,960756,0.00024%
2013,BLX,ALL,7108,1706254522.24,0.43%
2013,CHE,ALL,7108,41301805557.6,10%
2013,CZE,ALL,7108,358589626.8,0.091%
2013,DEU,ALL,7108,7742913272.66,2.0%
2013,DNK,ALL,7108,20988610.31,0.0053%
2013,ESP,ALL,7108,262675485.09,0.066%
2013,EST,ALL,7108,144849792.58,0.037%
2013,FIN,ALL,7108,37593626.78,0.0095%
2013,FRA,ALL,7108,776016454.5,0.20%
2013,GBR,ALL,7108,9569788824.54,2.4%
2013,GIB,ALL,7108,139919,0.000035%
2013,GRC,ALL,7108,12404638.67,0.0031%
2013,HRV,ALL,7108,40195494.58,0.010%
2013,HUN,ALL,7108,129237376.64,0.033%
2013,IRL,ALL,7108,21634859.76,0.0055%
2013,ISL,ALL,7108,222969.65,0.000056%
2013,ITA,ALL,7108,5591236814.18,1.4%
2013,LTU,ALL,7108,11491839.57,0.0029%
2013,LVA,ALL,7108,36907794.53,0.0093%
2013,MDA,ALL,7108,7032,0.0000018%
2013,MKD,ALL,7108,9372,0.0000024%
2013,MLT,ALL,7108,48529746.85,0.012%
2013,MNE,ALL,7108,156134.72,0.000040%
2013,NLD,ALL,7108,1704550068.74,0.43%
2013,NOR,ALL,7108,28663768.13,0.0073%
2013,POL,ALL,7108,120006190.21,0.030%
2013,PRT,ALL,7108,61803472.9,0.016%
2013,ROU,ALL,7108,26539479,0.0067%
2013,RUS,ALL,7108,9482938.24,0.0024%
2013,SRB,ALL,7108,241185.69,0.000061%
2013,SVK,ALL,7108,140438903.24,0.036%
2013,SVN,ALL,7108,54292110.74,0.014%
2013,SWE,ALL,7108,72718071.1,0.018%
2013,UKR,ALL,7108,434548585.8,0.11%
2013,ABW,ALL,7108,214776.81,0.000054%
2013,BHS,ALL,7108,22015.16,0.0000056%
2013,BMU,ALL,7108,8064.88,0.0000020%
2013,BRB,ALL,7108,3627,9.2e-7%
2013,CAN,ALL,7108,9399881854,2.4%
2013,CRI,ALL,7108,12960400.59,0.0033%
2013,CUW,ALL,7108,319855,0.000081%
2013,CYM,ALL,7108,30684,0.0000078%
2013,DOM,ALL,7108,397588,0.00010%
2013,GRL,ALL,7108,1358.9,3.4e-7%
2013,GTM,ALL,7108,1329707.31,0.00034%
2013,HND,ALL,7108,40447,0.000010%
2013,JAM,ALL,7108,17251,0.0000044%
2013,MAF,ALL,7108,918719,0.00023%
2013,MEX,ALL,7108,150774457.97,0.038%
2013,PAN,ALL,7108,8514086.81,0.0022%
2013,SLV,ALL,7108,426864,0.00011%
2013,TTO,ALL,7108,308091,0.000078%
2013,USA,ALL,7108,13662534130.9,3.5%
2013,VGB,ALL,7108,11352748,0.0029%
2013,AUS,ALL,7108,4313563779.03,1.1%
2013,FJI,ALL,7108,4235,0.0000011%
2013,GUM,ALL,7108,110716,0.000028%
2013,NCL,ALL,7108,154540,0.000039%
2013,NZL,ALL,7108,42895225.73,0.011%
2013,PYF,ALL,7108,98288.81,0.000025%
2013,VUT,ALL,7108,4639059,0.0012%
2013,ARG,ALL,7108,86091.38,0.000022%
2013,BOL,ALL,7108,47502857,0.012%
2013,BRA,ALL,7108,4417440.44,0.0011%
2013,CHL,ALL,7108,2207303,0.00056%
2013,COL,ALL,7108,849464.1,0.00021%
2013,ECU,ALL,7108,41969,0.000011%
2013,PER,ALL,7108,47031564.35,0.012%
2013,PRY,ALL,7108,4342277,0.0011%
2013,URY,ALL,7108,3306.54,8.4e-7%
2013,XXF,ALL,7108,631948,0.00016%
2013,XXA,ALL,7108,5418845664,1.4%
2013,XXI,ALL,7108,1064962593,0.27%



2012,CIV,ALL,7108,123688,0.000036%
2012,DZA,ALL,7108,8917552.81,0.0026%
2012,EGY,ALL,7108,84455073.78,0.025%
2012,GHA,ALL,7108,15105529.06,0.0044%
2012,GIN,ALL,7108,9554,0.0000028%
2012,LBY,ALL,7108,3375600,0.00099%
2012,MAR,ALL,7108,8872290.5,0.0026%
2012,MLI,ALL,7108,2364,7.0e-7%
2012,MUS,ALL,7108,25460741.7,0.0075%
2012,NGA,ALL,7108,59017,0.000017%
2012,SEN,ALL,7108,1692436.7,0.00050%
2012,SHN,ALL,7108,296644,0.000087%
2012,SLE,ALL,7108,1700412,0.00050%
2012,SYC,ALL,7108,129168,0.000038%
2012,TUN,ALL,7108,12766485.01,0.0038%
2012,TZA,ALL,7108,61879,0.000018%
2012,UGA,ALL,7108,7213,0.0000021%
2012,ZAF,ALL,7108,10422135073.3,3.1%
2012,ZWE,ALL,7108,2026,6.0e-7%
2012,ARE,ALL,7108,9660743846,2.8%
2012,ARM,ALL,7108,76383287.3,0.022%
2012,AZE,ALL,7108,140810,0.000041%
2012,BGD,ALL,7108,182468,0.000054%
2012,BHR,ALL,7108,4575,0.0000013%
2012,BRN,ALL,7108,1154411695.62,0.34%
2012,CHN,ALL,7108,50949333205,15%
2012,CYP,ALL,7108,14816852.95,0.0044%
2012,GEO,ALL,7108,2236933.74,0.00066%
2012,HKG,ALL,7108,46860168425,14%
2012,IDN,ALL,7108,61372114.23,0.018%
2012,IND,ALL,7108,49394408111.8,15%
2012,IRN,ALL,7108,6528064910,1.9%
2012,IRQ,ALL,7108,2129200,0.00063%
2012,ISR,ALL,7108,5160243.99,0.0015%
2012,JOR,ALL,7108,95373911.02,0.028%
2012,JPN,ALL,7108,609741270.23,0.18%
2012,KAZ,ALL,7108,619701.42,0.00018%
2012,KGZ,ALL,7108,16972093.64,0.0050%
2012,KHM,ALL,7108,227439062,0.067%
2012,KOR,ALL,7108,1476960966.16,0.43%
2012,KWT,ALL,7108,868788,0.00026%
2012,LAO,ALL,7108,1011442,0.00030%
2012,LBN,ALL,7108,1193810609.63,0.35%
2012,LKA,ALL,7108,166789488,0.049%
2012,MAC,ALL,7108,15043214.25,0.0044%
2012,MNG,ALL,7108,49010,0.000014%
2012,MYS,ALL,7108,2799654894.12,0.82%
2012,OMN,ALL,7108,162442253.09,0.048%
2012,PAK,ALL,7108,203634293.61,0.060%
2012,PHL,ALL,7108,315332346.12,0.093%
2012,PRK,ALL,7108,342076,0.00010%
2012,QAT,ALL,7108,408386,0.00012%
2012,SAU,ALL,7108,2289173117.43,0.67%
2012,SGP,ALL,7108,2744964316.2,0.81%
2012,THA,ALL,7108,10718848905,3.2%
2012,TKM,ALL,7108,54217,0.000016%
2012,TUR,ALL,7108,7996777385.35,2.4%
2012,VNM,ALL,7108,74140857.56,0.022%
2012,XXB,ALL,7108,1338912282,0.39%
2012,YEM,ALL,7108,50756124,0.015%
2012,ALB,ALL,7108,1853361.77,0.00055%
2012,AND,ALL,7108,162274,0.000048%
2012,AUT,ALL,7108,2479646302.67,0.73%
2012,BGR,ALL,7108,14590066.2,0.0043%
2012,BIH,ALL,7108,85422.61,0.000025%
2012,BLR,ALL,7108,1279639,0.00038%
2012,BLX,ALL,7108,2472102683.33,0.73%
2012,CHE,ALL,7108,51261721648.7,15%
2012,CZE,ALL,7108,326073074.88,0.096%
2012,DEU,ALL,7108,8591330482.22,2.5%
2012,DNK,ALL,7108,20725006.54,0.0061%
2012,ESP,ALL,7108,383239542.82,0.11%
2012,EST,ALL,7108,78106409.18,0.023%
2012,FIN,ALL,7108,74204026.26,0.022%
2012,FRA,ALL,7108,1028504950.7,0.30%
2012,GBR,ALL,7108,13160502505.9,3.9%
2012,GIB,ALL,7108,5231,0.0000015%
2012,GRC,ALL,7108,9648801.74,0.0028%
2012,HRV,ALL,7108,1435204.47,0.00042%
2012,HUN,ALL,7108,86219778,0.025%
2012,IRL,ALL,7108,18885665.03,0.0056%
2012,ISL,ALL,7108,199489.9,0.000059%
2012,ITA,ALL,7108,7601438291.46,2.2%
2012,LTU,ALL,7108,5743055.86,0.0017%
2012,LVA,ALL,7108,13913537.51,0.0041%
2012,MDA,ALL,7108,349228.39,0.00010%
2012,MLT,ALL,7108,64429378.47,0.019%
2012,MNE,ALL,7108,33919.21,0.000010%
2012,NLD,ALL,7108,2052594291.92,0.60%
2012,NOR,ALL,7108,34172670.89,0.010%
2012,POL,ALL,7108,207756657.82,0.061%
2012,PRT,ALL,7108,61809008.74,0.018%
2012,ROU,ALL,7108,57143054,0.017%
2012,RUS,ALL,7108,4056364.39,0.0012%
2012,SRB,ALL,7108,261009.2,0.000077%
2012,SVK,ALL,7108,122617135.34,0.036%
2012,SVN,ALL,7108,84023799.29,0.025%
2012,SWE,ALL,7108,68209759.22,0.020%
2012,UKR,ALL,7108,303385177.32,0.089%
2012,XXC,ALL,7108,241683502,0.071%
2012,ABW,ALL,7108,77393.44,0.000023%
2012,BHS,ALL,7108,32263.42,0.0000095%
2012,BLZ,ALL,7108,1579,4.6e-7%
2012,BMU,ALL,7108,82203,0.000024%
2012,BRB,ALL,7108,7954,0.0000023%
2012,CAN,ALL,7108,9821022999.91,2.9%
2012,CRI,ALL,7108,9304172.45,0.0027%
2012,DOM,ALL,7108,27734039.28,0.0082%
2012,GRL,ALL,7108,1772.88,5.2e-7%
2012,GTM,ALL,7108,1017784.26,0.00030%
2012,HND,ALL,7108,1017977.83,0.00030%
2012,JAM,ALL,7108,13834,0.0000041%
2012,KNA,ALL,7108,11667,0.0000034%
2012,LCA,ALL,7108,2995,8.8e-7%
2012,MAF,ALL,7108,569598,0.00017%
2012,MEX,ALL,7108,164631878.75,0.048%
2012,NIC,ALL,7108,4242,0.0000012%
2012,PAN,ALL,7108,13196111.41,0.0039%
2012,TCA,ALL,7108,4893010,0.0014%
2012,TTO,ALL,7108,246377,0.000072%
2012,USA,ALL,7108,15719360153.1,4.6%
2012,VGB,ALL,7108,12919888,0.0038%
2012,AUS,ALL,7108,5823182264.32,1.7%
2012,FJI,ALL,7108,5965,0.0000018%
2012,NCL,ALL,7108,153928.22,0.000045%
2012,NZL,ALL,7108,38882302.16,0.011%
2012,PNG,ALL,7108,2742,8.1e-7%
2012,PYF,ALL,7108,61494.29,0.000018%
2012,TKL,ALL,7108,3768619,0.0011%
2012,WSM,ALL,7108,6032,0.0000018%
2012,XXB,ALL,7108,3880317,0.0011%
2012,ARG,ALL,7108,133398.27,0.000039%
2012,BOL,ALL,7108,41298704.13,0.012%
2012,BRA,ALL,7108,4582412.66,0.0013%
2012,CHL,ALL,7108,20603.05,0.0000061%
2012,COL,ALL,7108,3058258,0.00090%
2012,ECU,ALL,7108,1742,5.1e-7%
2012,PER,ALL,7108,6648941.73,0.0020%
2012,PRY,ALL,7108,187336.94,0.000055%
2012,SUR,ALL,7108,104925,0.000031%
2012,URY,ALL,7108,702431,0.00021%
2012,VEN,ALL,7108,8280,0.0000024%
2012,XXA,ALL,7108,47792593,0.014%
2012,XXF,ALL,7108,2604706,0.00077%
2012,XXA,ALL,7108,8139417102,2.4%
2012,XXI,ALL,7108,1419940119,0.42%



2011,AGO,ALL,7108,1340,4.5e-7%
2011,BFA,ALL,7108,8414,0.0000028%
2011,CIV,ALL,7108,26435,0.0000089%
2011,CMR,ALL,7108,52200,0.000018%
2011,COM,ALL,7108,26435,0.0000089%
2011,CPV,ALL,7108,25199,0.0000085%
2011,EGY,ALL,7108,37346927.7,0.013%
2011,GHA,ALL,7108,34845,0.000012%
2011,KEN,ALL,7108,211502,0.000071%
2011,MAR,ALL,7108,22462851.61,0.0076%
2011,MUS,ALL,7108,15414145.8,0.0052%
2011,SDN,ALL,7108,4812,0.0000016%
2011,SEN,ALL,7108,2426516.56,0.00082%
2011,SYC,ALL,7108,140005,0.000047%
2011,TCD,ALL,7108,452269,0.00015%
2011,TUN,ALL,7108,1089881.16,0.00037%
2011,UGA,ALL,7108,187566,0.000063%
2011,ZAF,ALL,7108,8812883747.06,3.0%
2011,ZWE,ALL,7108,95202,0.000032%
2011,ARE,ALL,7108,3753589381,1.3%
2011,ARM,ALL,7108,103877882.75,0.035%
2011,BGD,ALL,7108,443969,0.00015%
2011,BHR,ALL,7108,69675,0.000023%
2011,BRN,ALL,7108,536685,0.00018%
2011,CHN,ALL,7108,23962812385,8.1%
2011,CYP,ALL,7108,10761659,0.0036%
2011,GEO,ALL,7108,96565.13,0.000033%
2011,HKG,ALL,7108,26215413555.5,8.8%
2011,IDN,ALL,7108,140294342.64,0.047%
2011,IND,ALL,7108,50797613559.4,17%
2011,IRN,ALL,7108,54589414,0.018%
2011,IRQ,ALL,7108,1500,5.1e-7%
2011,ISR,ALL,7108,15239403.55,0.0051%
2011,JOR,ALL,7108,171176132.62,0.058%
2011,JPN,ALL,7108,642874702.02,0.22%
2011,KAZ,ALL,7108,11924823,0.0040%
2011,KGZ,ALL,7108,1438597,0.00049%
2011,KHM,ALL,7108,105837408,0.036%
2011,KOR,ALL,7108,1954921681.12,0.66%
2011,KWT,ALL,7108,2238128,0.00075%
2011,LAO,ALL,7108,891869,0.00030%
2011,LBN,ALL,7108,1680427217.31,0.57%
2011,LKA,ALL,7108,604467487.01,0.20%
2011,MAC,ALL,7108,5416,0.0000018%
2011,MMR,ALL,7108,9116,0.0000031%
2011,MYS,ALL,7108,2743873195.26,0.93%
2011,NPL,ALL,7108,271729979,0.092%
2011,OMN,ALL,7108,116102594.11,0.039%
2011,PAK,ALL,7108,150234806.05,0.051%
2011,PHL,ALL,7108,316414997.45,0.11%
2011,PRK,ALL,7108,5825,0.0000020%
2011,QAT,ALL,7108,96640,0.000033%
2011,SAU,ALL,7108,1813861930.85,0.61%
2011,SGP,ALL,7108,3443122591.8,1.2%
2011,THA,ALL,7108,18297816585,6.2%
2011,TKM,ALL,7108,137378,0.000046%
2011,TUR,ALL,7108,6305243708.19,2.1%
2011,VNM,ALL,7108,2479085071.38,0.84%
2011,XXB,ALL,7108,1720432691,0.58%
2011,YEM,ALL,7108,501988,0.00017%
2011,ALB,ALL,7108,336444.56,0.00011%
2011,AND,ALL,7108,1491136,0.00050%
2011,AUT,ALL,7108,3136867910.97,1.1%
2011,BGR,ALL,7108,12761049.09,0.0043%
2011,BIH,ALL,7108,35971.01,0.000012%
2011,BLR,ALL,7108,632188,0.00021%
2011,BLX,ALL,7108,2139594274.05,0.72%
2011,CHE,ALL,7108,39246063599.7,13%
2011,CZE,ALL,7108,226696891.37,0.076%
2011,DEU,ALL,7108,8985673879.05,3.0%
2011,DNK,ALL,7108,28184791.44,0.0095%
2011,ESP,ALL,7108,359924867.26,0.12%
2011,EST,ALL,7108,113705257.76,0.038%
2011,FIN,ALL,7108,24297677.07,0.0082%
2011,FRA,ALL,7108,987198327.94,0.33%
2011,GBR,ALL,7108,33638962673,11%
2011,GRC,ALL,7108,18246957.74,0.0062%
2011,HRV,ALL,7108,324296.6,0.00011%
2011,HUN,ALL,7108,55211381.66,0.019%
2011,IRL,ALL,7108,14762517.45,0.0050%
2011,ISL,ALL,7108,215335.44,0.000073%
2011,ITA,ALL,7108,6638057862.9,2.2%
2011,LTU,ALL,7108,11749950.11,0.0040%
2011,LVA,ALL,7108,29941039.77,0.010%
2011,MDA,ALL,7108,646470,0.00022%
2011,MLT,ALL,7108,49582094.71,0.017%
2011,NLD,ALL,7108,2173413997.21,0.73%
2011,NOR,ALL,7108,27447318.52,0.0093%
2011,POL,ALL,7108,181765363.61,0.061%
2011,PRT,ALL,7108,90494724.08,0.031%
2011,ROU,ALL,7108,79056150,0.027%
2011,RUS,ALL,7108,3474640,0.0012%
2011,SRB,ALL,7108,273998.07,0.000092%
2011,SVK,ALL,7108,131112131.7,0.044%
2011,SVN,ALL,7108,137835659.13,0.046%
2011,SWE,ALL,7108,74725419.62,0.025%
2011,UKR,ALL,7108,556896893.38,0.19%
2011,XXC,ALL,7108,325925741,0.11%
2011,ABW,ALL,7108,25376.63,0.0000086%
2011,AIA,ALL,7108,18228,0.0000061%
2011,BHS,ALL,7108,178066.01,0.000060%
2011,BRB,ALL,7108,5912,0.0000020%
2011,CAN,ALL,7108,10062380929.7,3.4%
2011,CRI,ALL,7108,10292491.72,0.0035%
2011,CUW,ALL,7108,1450140,0.00049%
2011,CYM,ALL,7108,64756,0.000022%
2011,DOM,ALL,7108,93084748.37,0.031%
2011,GTM,ALL,7108,4034516.81,0.0014%
2011,HND,ALL,7108,74918,0.000025%
2011,KNA,ALL,7108,4589,0.0000015%
2011,LCA,ALL,7108,4140,0.0000014%
2011,MAF,ALL,7108,428078,0.00014%
2011,MEX,ALL,7108,208432046.44,0.070%
2011,NIC,ALL,7108,7328.57,0.0000025%
2011,PAN,ALL,7108,14116078.53,0.0048%
2011,SLV,ALL,7108,105772,0.000036%
2011,TCA,ALL,7108,10172,0.0000034%
2011,TTO,ALL,7108,227314,0.000077%
2011,USA,ALL,7108,14637788984,4.9%
2011,AUS,ALL,7108,6876822076.68,2.3%
2011,NCL,ALL,7108,252309.6,0.000085%
2011,NZL,ALL,7108,31370656.77,0.011%
2011,PYF,ALL,7108,168766.27,0.000057%
2011,ARG,ALL,7108,126411.32,0.000043%
2011,BOL,ALL,7108,18080707,0.0061%
2011,BRA,ALL,7108,4133926.54,0.0014%
2011,CHL,ALL,7108,57007.26,0.000019%
2011,COL,ALL,7108,15654420.44,0.0053%
2011,PER,ALL,7108,6614446.39,0.0022%
2011,PRY,ALL,7108,980290,0.00033%
2011,URY,ALL,7108,2765389.64,0.00093%
2011,VEN,ALL,7108,115057,0.000039%
2011,XXF,ALL,7108,1733713,0.00058%
2011,XXA,ALL,7108,6541312826,2.2%
2011,XXI,ALL,7108,1734524314,0.58%



2010,BEN,ALL,7108,5692936,0.0030%
2010,BFA,ALL,7108,3157,0.0000017%
2010,CIV,ALL,7108,193169,0.00010%
2010,CMR,ALL,7108,3179209,0.0017%
2010,COG,ALL,7108,1882856,0.00099%
2010,EGY,ALL,7108,53241296.08,0.028%
2010,GHA,ALL,7108,9344,0.0000049%
2010,GIN,ALL,7108,16282,0.0000086%
2010,GNQ,ALL,7108,6628,0.0000035%
2010,KEN,ALL,7108,213726,0.00011%
2010,MAR,ALL,7108,8327892.52,0.0044%
2010,MLI,ALL,7108,4802844,0.0025%
2010,MRT,ALL,7108,1166427,0.00062%
2010,MUS,ALL,7108,22364188.4,0.012%
2010,SEN,ALL,7108,2665803.4,0.0014%
2010,SHN,ALL,7108,6280964,0.0033%
2010,SYC,ALL,7108,153371,0.000081%
2010,TUN,ALL,7108,4814881.18,0.0025%
2010,TZA,ALL,7108,1220,6.4e-7%
2010,ZAF,ALL,7108,6037641718.94,3.2%
2010,ZMB,ALL,7108,3981225,0.0021%
2010,ZWE,ALL,7108,8648,0.0000046%
2010,ARE,ALL,7108,3264169477,1.7%
2010,ARM,ALL,7108,66381728.93,0.035%
2010,AZE,ALL,7108,3184986.26,0.0017%
2010,BGD,ALL,7108,248587,0.00013%
2010,BHR,ALL,7108,370560.02,0.00020%
2010,BRN,ALL,7108,948250,0.00050%
2010,CHN,ALL,7108,5106974770,2.7%
2010,CYP,ALL,7108,7055259,0.0037%
2010,GEO,ALL,7108,412893.13,0.00022%
2010,HKG,ALL,7108,8033541243.26,4.2%
2010,IDN,ALL,7108,76125204.85,0.040%
2010,IND,ALL,7108,37456511829.7,20%
2010,IRN,ALL,7108,425121384.42,0.22%
2010,ISR,ALL,7108,11341470.89,0.0060%
2010,JOR,ALL,7108,176892534.51,0.093%
2010,JPN,ALL,7108,790720766.46,0.42%
2010,KAZ,ALL,7108,1305931.91,0.00069%
2010,KGZ,ALL,7108,2017,0.0000011%
2010,KHM,ALL,7108,1627887245,0.86%
2010,KOR,ALL,7108,1482315675.84,0.78%
2010,KWT,ALL,7108,98000,0.000052%
2010,LAO,ALL,7108,414849,0.00022%
2010,LBN,ALL,7108,799920306.02,0.42%
2010,LKA,ALL,7108,82821864,0.044%
2010,MAC,ALL,7108,4807,0.0000025%
2010,MYS,ALL,7108,1955167471.58,1.0%
2010,NPL,ALL,7108,187895841.04,0.099%
2010,OMN,ALL,7108,66220339.12,0.035%
2010,PAK,ALL,7108,123705910.93,0.065%
2010,PHL,ALL,7108,452231928.15,0.24%
2010,PRK,ALL,7108,19431,0.000010%
2010,QAT,ALL,7108,129967083,0.069%
2010,SAU,ALL,7108,948202936.82,0.50%
2010,SGP,ALL,7108,3854124928.29,2.0%
2010,SYR,ALL,7108,623409,0.00033%
2010,THA,ALL,7108,7375705099.32,3.9%
2010,TKM,ALL,7108,3977,0.0000021%
2010,TUR,ALL,7108,2535778975.9,1.3%
2010,VNM,ALL,7108,951526405.03,0.50%
2010,XXB,ALL,7108,1726300770,0.91%
2010,YEM,ALL,7108,5810529,0.0031%
2010,ALB,ALL,7108,93556.24,0.000049%
2010,AND,ALL,7108,354708,0.00019%
2010,AUT,ALL,7108,2319517033.81,1.2%
2010,BGR,ALL,7108,2309090,0.0012%
2010,BIH,ALL,7108,36342,0.000019%
2010,BLX,ALL,7108,1111662100.8,0.59%
2010,CHE,ALL,7108,29609507653.2,16%
2010,CZE,ALL,7108,115473787.73,0.061%
2010,DEU,ALL,7108,6996414239.97,3.7%
2010,DNK,ALL,7108,18019665.21,0.0095%
2010,ESP,ALL,7108,198054640.79,0.10%
2010,EST,ALL,7108,41624886.35,0.022%
2010,FIN,ALL,7108,34554594.26,0.018%
2010,FRA,ALL,7108,721719588.38,0.38%
2010,GBR,ALL,7108,27054779947,14%
2010,GRC,ALL,7108,37343462.93,0.020%
2010,HRV,ALL,7108,8157679.23,0.0043%
2010,HUN,ALL,7108,24587550.29,0.013%
2010,IRL,ALL,7108,6052480.9,0.0032%
2010,ISL,ALL,7108,327372.23,0.00017%
2010,ITA,ALL,7108,4574214942.6,2.4%
2010,LTU,ALL,7108,9783216.15,0.0052%
2010,LVA,ALL,7108,1769587,0.00093%
2010,MDA,ALL,7108,101941,0.000054%
2010,MKD,ALL,7108,144129,0.000076%
2010,MLT,ALL,7108,77861647.75,0.041%
2010,MNE,ALL,7108,2345,0.0000012%
2010,NLD,ALL,7108,1645139529.87,0.87%
2010,NOR,ALL,7108,19903132.96,0.011%
2010,POL,ALL,7108,59331963.83,0.031%
2010,PRT,ALL,7108,56614211.35,0.030%
2010,ROU,ALL,7108,20555811,0.011%
2010,RUS,ALL,7108,4216928,0.0022%
2010,SRB,ALL,7108,262540.65,0.00014%
2010,SVK,ALL,7108,92811824.74,0.049%
2010,SVN,ALL,7108,72288195.99,0.038%
2010,SWE,ALL,7108,53675381.3,0.028%
2010,UKR,ALL,7108,194155288.49,0.10%
2010,XXC,ALL,7108,146216716,0.077%
2010,ABW,ALL,7108,43570,0.000023%
2010,ANT,ALL,7108,2808361,0.0015%
2010,BHS,ALL,7108,92957.36,0.000049%
2010,BLZ,ALL,7108,123939,0.000065%
2010,BMU,ALL,7108,14805,0.0000078%
2010,BRB,ALL,7108,3677,0.0000019%
2010,CAN,ALL,7108,7287926856.02,3.8%
2010,CRI,ALL,7108,17131263.56,0.0090%
2010,DOM,ALL,7108,47938268.37,0.025%
2010,GRL,ALL,7108,3512.77,0.0000019%
2010,GTM,ALL,7108,13605112.53,0.0072%
2010,HND,ALL,7108,17170.12,0.0000091%
2010,KNA,ALL,7108,1281,6.8e-7%
2010,LCA,ALL,7108,8070,0.0000043%
2010,MEX,ALL,7108,170274417.09,0.090%
2010,NIC,ALL,7108,3525,0.0000019%
2010,PAN,ALL,7108,11152990.71,0.0059%
2010,TTO,ALL,7108,811943.31,0.00043%
2010,USA,ALL,7108,12571018168.9,6.6%
2010,ASM,ALL,7108,1347516,0.00071%
2010,AUS,ALL,7108,6981420335.21,3.7%
2010,KIR,ALL,7108,25926,0.000014%
2010,NCL,ALL,7108,143221.04,0.000076%
2010,NZL,ALL,7108,27308303.56,0.014%
2010,PYF,ALL,7108,24721.09,0.000013%
2010,ARG,ALL,7108,270095.04,0.00014%
2010,BOL,ALL,7108,19316888,0.010%
2010,BRA,ALL,7108,3107685.22,0.0016%
2010,CHL,ALL,7108,70514.09,0.000037%
2010,COL,ALL,7108,20914717,0.011%
2010,ECU,ALL,7108,5636,0.0000030%
2010,PER,ALL,7108,2321052.24,0.0012%
2010,URY,ALL,7108,2457574,0.0013%
2010,VEN,ALL,7108,123262.45,0.000065%
2010,XXF,ALL,7108,3429491,0.0018%
2010,XXA,ALL,7108,15666727,0.0083%
2010,XXI,ALL,7108,1024985157,0.54%



2009,CIV,ALL,7108,38901,0.000028%
2009,CMR,ALL,7108,26597,0.000019%
2009,COD,ALL,7108,1814384,0.0013%
2009,COM,ALL,7108,38665,0.000028%
2009,DZA,ALL,7108,502679,0.00036%
2009,EGY,ALL,7108,15346973.47,0.011%
2009,GHA,ALL,7108,303688,0.00022%
2009,GIN,ALL,7108,39436,0.000028%
2009,KEN,ALL,7108,27324,0.000020%
2009,LBR,ALL,7108,20537351,0.015%
2009,MAR,ALL,7108,15624856.12,0.011%
2009,MLI,ALL,7108,169018,0.00012%
2009,MUS,ALL,7108,7863005.48,0.0057%
2009,SDN,ALL,7108,794046,0.00057%
2009,SEN,ALL,7108,3047604.45,0.0022%
2009,SHN,ALL,7108,6180680,0.0045%
2009,STP,ALL,7108,4887,0.0000035%
2009,SYC,ALL,7108,153609,0.00011%
2009,TGO,ALL,7108,341529,0.00025%
2009,TUN,ALL,7108,3268941.57,0.0024%
2009,ZAF,ALL,7108,3563424849.11,2.6%
2009,ZWE,ALL,7108,58250,0.000042%
2009,ARE,ALL,7108,2493117814,1.8%
2009,ARM,ALL,7108,86135724.43,0.062%
2009,AZE,ALL,7108,7140798,0.0051%
2009,BGD,ALL,7108,19375,0.000014%
2009,BHR,ALL,7108,1169427,0.00084%
2009,BRN,ALL,7108,89394,0.000064%
2009,CHN,ALL,7108,1587798248,1.1%
2009,CYP,ALL,7108,1476192.76,0.0011%
2009,GEO,ALL,7108,17738.79,0.000013%
2009,HKG,ALL,7108,4212292386.77,3.0%
2009,IDN,ALL,7108,27617428.63,0.020%
2009,IND,ALL,7108,23194933759.7,17%
2009,IRN,ALL,7108,2447603,0.0018%
2009,ISR,ALL,7108,16433218.61,0.012%
2009,JOR,ALL,7108,121031294.17,0.087%
2009,JPN,ALL,7108,533167705.06,0.38%
2009,KAZ,ALL,7108,3539871,0.0026%
2009,KHM,ALL,7108,84342126.23,0.061%
2009,KOR,ALL,7108,1263779134.64,0.91%
2009,KWT,ALL,7108,143544,0.00010%
2009,LAO,ALL,7108,203925,0.00015%
2009,LBN,ALL,7108,452512460.96,0.33%
2009,LKA,ALL,7108,1706685,0.0012%
2009,MAC,ALL,7108,4026036,0.0029%
2009,MDV,ALL,7108,33256,0.000024%
2009,MYS,ALL,7108,1843490851.9,1.3%
2009,NPL,ALL,7108,177158101.61,0.13%
2009,OMN,ALL,7108,50529676,0.036%
2009,PAK,ALL,7108,90444110.79,0.065%
2009,PHL,ALL,7108,222856341.12,0.16%
2009,PRK,ALL,7108,56138,0.000040%
2009,QAT,ALL,7108,336789,0.00024%
2009,SAU,ALL,7108,672403222,0.48%
2009,SGP,ALL,7108,2830634569.13,2.0%
2009,SYR,ALL,7108,336150,0.00024%
2009,THA,ALL,7108,3919623976.05,2.8%
2009,TUR,ALL,7108,1634898653.7,1.2%
2009,VNM,ALL,7108,389021907.12,0.28%
2009,XXB,ALL,7108,1535971690,1.1%
2009,YEM,ALL,7108,4035713,0.0029%
2009,AND,ALL,7108,256786,0.00019%
2009,AUT,ALL,7108,2771923075.7,2.0%
2009,BGR,ALL,7108,1238825,0.00089%
2009,BIH,ALL,7108,8017.24,0.0000058%
2009,BLR,ALL,7108,914879,0.00066%
2009,BLX,ALL,7108,796988784.54,0.57%
2009,CHE,ALL,7108,26914300411.2,19%
2009,CZE,ALL,7108,70536517.53,0.051%
2009,DEU,ALL,7108,4387708263.85,3.2%
2009,DNK,ALL,7108,17011518.07,0.012%
2009,ESP,ALL,7108,128693016.57,0.093%
2009,EST,ALL,7108,17874831.39,0.013%
2009,FIN,ALL,7108,19382298.06,0.014%
2009,FRA,ALL,7108,455364288.09,0.33%
2009,GBR,ALL,7108,24728324512,18%
2009,GRC,ALL,7108,18864348.98,0.014%
2009,HRV,ALL,7108,26383676.85,0.019%
2009,HUN,ALL,7108,24849384.73,0.018%
2009,IRL,ALL,7108,6780922.33,0.0049%
2009,ISL,ALL,7108,371927.23,0.00027%
2009,ITA,ALL,7108,3549234560.66,2.6%
2009,LTU,ALL,7108,3528249.9,0.0025%
2009,LVA,ALL,7108,2491837.45,0.0018%
2009,MDA,ALL,7108,22267.19,0.000016%
2009,MKD,ALL,7108,52851.01,0.000038%
2009,MLT,ALL,7108,31628372.71,0.023%
2009,MNE,ALL,7108,27164,0.000020%
2009,NLD,ALL,7108,1403598446.82,1.0%
2009,NOR,ALL,7108,27567412.08,0.020%
2009,POL,ALL,7108,67967740.13,0.049%
2009,PRT,ALL,7108,31521402.31,0.023%
2009,ROU,ALL,7108,15844474,0.011%
2009,RUS,ALL,7108,5238155,0.0038%
2009,SRB,ALL,7108,251347.13,0.00018%
2009,SVK,ALL,7108,97374574.06,0.070%
2009,SVN,ALL,7108,27287172.53,0.020%
2009,SWE,ALL,7108,47440593.56,0.034%
2009,UKR,ALL,7108,69539523.63,0.050%
2009,XXC,ALL,7108,245975669,0.18%
2009,ABW,ALL,7108,34750.11,0.000025%
2009,ANT,ALL,7108,627646,0.00045%
2009,BHS,ALL,7108,21720.8,0.000016%
2009,BMU,ALL,7108,63947,0.000046%
2009,BRB,ALL,7108,1279,9.2e-7%
2009,CAN,ALL,7108,4276047968.72,3.1%
2009,CRI,ALL,7108,13792588.57,0.0099%
2009,CYM,ALL,7108,7670,0.0000055%
2009,DOM,ALL,7108,54939885.97,0.040%
2009,GRD,ALL,7108,3852,0.0000028%
2009,GRL,ALL,7108,139690,0.00010%
2009,GTM,ALL,7108,21085076.7,0.015%
2009,HND,ALL,7108,9098.35,0.0000066%
2009,KNA,ALL,7108,1853,0.0000013%
2009,MEX,ALL,7108,143820076.89,0.10%
2009,PAN,ALL,7108,1407875.11,0.0010%
2009,SLV,ALL,7108,138562,0.00010%
2009,TTO,ALL,7108,1062886.49,0.00077%
2009,USA,ALL,7108,8287634419.66,6.0%
2009,VGB,ALL,7108,4248,0.0000031%
2009,AUS,ALL,7108,7956584496.23,5.7%
2009,COK,ALL,7108,13380,0.0000096%
2009,NCL,ALL,7108,94268,0.000068%
2009,NZL,ALL,7108,26932390.06,0.019%
2009,PNG,ALL,7108,317665,0.00023%
2009,PYF,ALL,7108,57819,0.000042%
2009,ARG,ALL,7108,556541.05,0.00040%
2009,BOL,ALL,7108,47669385.42,0.034%
2009,BRA,ALL,7108,2007269.2,0.0014%
2009,CHL,ALL,7108,1967151,0.0014%
2009,COL,ALL,7108,12395686,0.0089%
2009,PER,ALL,7108,419511.48,0.00030%
2009,SUR,ALL,7108,87093,0.000063%
2009,URY,ALL,7108,8458,0.0000061%
2009,VEN,ALL,7108,108000,0.000078%
2009,XXF,ALL,7108,1727828,0.0012%
2009,XXA,ALL,7108,897094,0.00065%
2009,XXI,ALL,7108,698585000,0.50%



2008,CIV,ALL,7108,22127,0.000015%
2008,CMR,ALL,7108,5028.39,0.0000035%
2008,COD,ALL,7108,147834,0.00010%
2008,COG,ALL,7108,2643487,0.0018%
2008,COM,ALL,7108,146796,0.00010%
2008,DZA,ALL,7108,1835922.46,0.0013%
2008,EGY,ALL,7108,961965177.3,0.66%
2008,ERI,ALL,7108,18822,0.000013%
2008,GHA,ALL,7108,544955,0.00037%
2008,GIN,ALL,7108,28342,0.000019%
2008,KEN,ALL,7108,3639780.98,0.0025%
2008,LBR,ALL,7108,53906,0.000037%
2008,MAR,ALL,7108,22812576.02,0.016%
2008,MDG,ALL,7108,60080,0.000041%
2008,MLI,ALL,7108,24090,0.000017%
2008,MUS,ALL,7108,11036278.31,0.0076%
2008,NGA,ALL,7108,339819,0.00023%
2008,SDN,ALL,7108,2738962,0.0019%
2008,SEN,ALL,7108,2347382.25,0.0016%
2008,SYC,ALL,7108,251832.98,0.00017%
2008,TGO,ALL,7108,59832,0.000041%
2008,TUN,ALL,7108,8964898.88,0.0062%
2008,TZA,ALL,7108,6670,0.0000046%
2008,UGA,ALL,7108,7700,0.0000053%
2008,ZAF,ALL,7108,4324653053.18,3.0%
2008,ZMB,ALL,7108,30267,0.000021%
2008,ZWE,ALL,7108,5439,0.0000037%
2008,ARE,ALL,7108,14279142714,9.8%
2008,ARM,ALL,7108,282409324.5,0.19%
2008,AZE,ALL,7108,779702,0.00054%
2008,BGD,ALL,7108,144894,0.00010%
2008,BHR,ALL,7108,111882948.89,0.077%
2008,BRN,ALL,7108,141864,0.000098%
2008,CHN,ALL,7108,2995311744,2.1%
2008,CYP,ALL,7108,5856751,0.0040%
2008,GEO,ALL,7108,7318,0.0000050%
2008,HKG,ALL,7108,4034729999.31,2.8%
2008,IDN,ALL,7108,44197192.27,0.030%
2008,IND,ALL,7108,17796555387.4,12%
2008,IRN,ALL,7108,16113698,0.011%
2008,IRQ,ALL,7108,4831071,0.0033%
2008,ISR,ALL,7108,49905928.39,0.034%
2008,JOR,ALL,7108,131789508.58,0.091%
2008,JPN,ALL,7108,871125569.08,0.60%
2008,KAZ,ALL,7108,6041488.53,0.0042%
2008,KGZ,ALL,7108,299145,0.00021%
2008,KHM,ALL,7108,31557792.49,0.022%
2008,KOR,ALL,7108,1362014933.39,0.94%
2008,KWT,ALL,7108,193897465.55,0.13%
2008,LAO,ALL,7108,43549,0.000030%
2008,LBN,ALL,7108,512843107.72,0.35%
2008,LKA,ALL,7108,135924134.52,0.093%
2008,MAC,ALL,7108,1725869,0.0012%
2008,MMR,ALL,7108,259976,0.00018%
2008,MYS,ALL,7108,2265339961.29,1.6%
2008,NPL,ALL,7108,112100134,0.077%
2008,OMN,ALL,7108,106986693.01,0.074%
2008,PAK,ALL,7108,26372551.89,0.018%
2008,PHL,ALL,7108,302033012.94,0.21%
2008,QAT,ALL,7108,9827694.59,0.0068%
2008,SAU,ALL,7108,1082370373.34,0.74%
2008,SGP,ALL,7108,2180433263.49,1.5%
2008,SYR,ALL,7108,4206045,0.0029%
2008,THA,ALL,7108,5821465528.22,4.0%
2008,TUR,ALL,7108,5004272828.88,3.4%
2008,VNM,ALL,7108,2679939306.36,1.8%
2008,XXB,ALL,7108,1169732404,0.80%
2008,YEM,ALL,7108,35320303,0.024%
2008,ALB,ALL,7108,649992,0.00045%
2008,AND,ALL,7108,458420,0.00032%
2008,AUT,ALL,7108,2095354981.41,1.4%
2008,BGR,ALL,7108,5937312.54,0.0041%
2008,BIH,ALL,7108,2144,0.0000015%
2008,BLR,ALL,7108,598417,0.00041%
2008,BLX,ALL,7108,436098943.13,0.30%
2008,CHE,ALL,7108,23139482477.7,16%
2008,CZE,ALL,7108,62972837.47,0.043%
2008,DEU,ALL,7108,4236379765.73,2.9%
2008,DNK,ALL,7108,32292503.83,0.022%
2008,ESP,ALL,7108,211616918.71,0.15%
2008,EST,ALL,7108,33831957.89,0.023%
2008,FIN,ALL,7108,32151184.91,0.022%
2008,FRA,ALL,7108,798589786.45,0.55%
2008,GBR,ALL,7108,17620188891,12%
2008,GRC,ALL,7108,49326686.2,0.034%
2008,HRV,ALL,7108,13612952.69,0.0094%
2008,HUN,ALL,7108,8510435.54,0.0059%
2008,IRL,ALL,7108,12302819.08,0.0085%
2008,ISL,ALL,7108,671339.53,0.00046%
2008,ITA,ALL,7108,4108206047.3,2.8%
2008,LTU,ALL,7108,3053918.45,0.0021%
2008,LVA,ALL,7108,22195530.11,0.015%
2008,MDA,ALL,7108,172364.96,0.00012%
2008,MLT,ALL,7108,39102723.92,0.027%
2008,MNE,ALL,7108,68143,0.000047%
2008,NLD,ALL,7108,1234426280.54,0.85%
2008,NOR,ALL,7108,11483637.5,0.0079%
2008,POL,ALL,7108,79926799.24,0.055%
2008,PRT,ALL,7108,44576977.56,0.031%
2008,ROU,ALL,7108,14415060,0.0099%
2008,RUS,ALL,7108,12877407,0.0089%
2008,SRB,ALL,7108,25604,0.000018%
2008,SVK,ALL,7108,40146797.56,0.028%
2008,SVN,ALL,7108,59032527.26,0.041%
2008,SWE,ALL,7108,49607135.83,0.034%
2008,UKR,ALL,7108,888950278.54,0.61%
2008,XXC,ALL,7108,159753000,0.11%
2008,ABW,ALL,7108,4828,0.0000033%
2008,ANT,ALL,7108,908996.65,0.00063%
2008,BHS,ALL,7108,22506.73,0.000015%
2008,BLZ,ALL,7108,3435,0.0000024%
2008,BMU,ALL,7108,101708,0.000070%
2008,BRB,ALL,7108,5976,0.0000041%
2008,CAN,ALL,7108,3554160034.02,2.4%
2008,CRI,ALL,7108,12169965.98,0.0084%
2008,CYM,ALL,7108,17500,0.000012%
2008,DOM,ALL,7108,48994203.69,0.034%
2008,GRL,ALL,7108,180026.16,0.00012%
2008,GTM,ALL,7108,11168139,0.0077%
2008,HND,ALL,7108,100000,0.000069%
2008,JAM,ALL,7108,1641,0.0000011%
2008,KNA,ALL,7108,4693,0.0000032%
2008,MEX,ALL,7108,350008639.67,0.24%
2008,PAN,ALL,7108,2217862.18,0.0015%
2008,TCA,ALL,7108,150017,0.00010%
2008,TTO,ALL,7108,2776873.68,0.0019%
2008,USA,ALL,7108,6444165938.53,4.4%
2008,VCT,ALL,7108,1417,9.7e-7%
2008,AUS,ALL,7108,9087408403.25,6.2%
2008,COK,ALL,7108,1652,0.0000011%
2008,NCL,ALL,7108,602146.41,0.00041%
2008,NZL,ALL,7108,33579581.34,0.023%
2008,PNG,ALL,7108,55659,0.000038%
2008,PYF,ALL,7108,611108.74,0.00042%
2008,ARG,ALL,7108,55169.79,0.000038%
2008,BOL,ALL,7108,34697089.62,0.024%
2008,BRA,ALL,7108,1316800.77,0.00091%
2008,CHL,ALL,7108,1578,0.0000011%
2008,COL,ALL,7108,13551590,0.0093%
2008,ECU,ALL,7108,1886287,0.0013%
2008,PER,ALL,7108,539817.82,0.00037%
2008,SUR,ALL,7108,95869,0.000066%
2008,XXF,ALL,7108,11307046,0.0078%
2008,XXA,ALL,7108,157109266,0.11%
2008,XXI,ALL,7108,1083385508,0.74%
